순위,등록번호,서명,저자,발행자,청구기호,대출횟수
1,BAW000489709,흔한남매. 6,백난도 지음 ; 흔한남매 원작 ; 유난희 그림,Mirea N 아이세움,J 813.8-백211ㅎ-6,13
2,BAW000494206,"쿠키런 어드벤처. 30, 평양",송도수 글 ; 서정은 그림,서울문화사,J 980.24-송225-30=2,13
3,BAW000498642,(코믹 메이플스토리) 수학도둑 : 종합편. 79,송도수 글 ; 서정 엔터테인먼트 그림,서울문화사,J 410-송225ㅅ-79=2,13
4,BAW000510108,딸랑예술학교. 1,방울이TV 원작 ; 김언정 글 ; 김영진 그림,학산문화사,J 813.8-방67ㄸ-1,13
5,BAW000509995,강성태의 저절로 영단어. 2,엄지희 글 ; 강신영 그림,아이세움,J 744-엄79ㄱ-2,12
6,BAW000511929,"(엽기 과학자) 프래니. 9, 재앙을 부르는 악마의 머핀",짐 벤튼 글·그림 ; 양윤선 옮김,이퍼블릭,J 843-벤838ㅍ-9,12
7,BAW000496393,흔한남매. 7,원작: 흔한남매 ; 글: 백난도 ; 그림: 유난희,미래엔(아이세움),J 813.8-백211ㅎ-7,12
8,BAW000501895,"쿠키런 어드벤처 : 쿠키들의 신나는 세계여행. 44, 별난 지구",송도수 글 ; 서정은 그림,서울문화사,J 980.24-송225ㅋ-44,12
9,BAW000505682,"(신비아파트) 한자 귀신. 17, 부서진 결계",김강현 글 ; 김기수 그림,서울문화사,J 711.4-오51ㅅ-17,12
10,BAW000485346,흔한남매. 1,흔한남매 원작 ; 백난도 글 ; 유난희 그림,미래엔 ,J 813.8-백211ㅎ-1=2,12
11,BAW000485359,"Go Go 카카오 프렌즈 : 세계 역사 문화 체험 학습만화. 6, 이탈리아",김미영 글 ; 김정한 그림,북이십일,J 909-김39ㄱ-6=3,11
12,BAW000485356,"Go Go 카카오프렌즈. 3, 일본",김미영 글 ; 김정한 그림,북이시빌 아울북,J 909-김39ㄱ-3=2,11
13,BAW000480729,"(신비아파트)한자귀신 : 오싹 공포 한자 학습 만화. 8, 혼돈의 도시",김강현 글 ; 김기수 그림,서울문화사,J 711.4-오51ㅅ-8,11
14,BAW000475907,레이튼 미스터리 탐정사무소 : 카트리에일의 수수께끼 파일. 6,글: 안치현 ; 그림: 팀키즈,Mirae N 아이세움,J 813.8-안819ㄹ-6,11
15,BAW000514334,신기한 학교 매점,이미현 글 ; 김미연 그림,잇츠북어린이,J 813.8-이39ㅅ,11
16,BAW000457575,"Go Go 카카오프렌즈 . 4  : 세계 역사 문화 체험 학습만화, 미국",김미영 글 ; 김정한 그림,아울북,J 909-김39ㄱ-4,11
17,BAW000501858,"쿠키런 어드벤처 : 쿠키들의 신나는 세계여행. 7, 비엔나",송도수 글 ; 서정은 그림,서울문화사,J 980.24-송225ㅋ-7=3,11
18,BAW000504388,에그박사 : 자연 생물 관찰 만화. 4,에그박사 원작 ; 박송이 글 ; 홍종현 그림,Mirae N 아이세움,J 495-에18-4,11
19,BAW000504522,"밍꼬발랄 코믹스. 10, 두 개의 표식",밍꼬발랄 원작 ; 김혜련 지음 ; 라임스튜디오 그림,겜툰,J 813.8-밍15ㅁ-10,11
20,BAW000504523,"밍꼬발랄 코믹스. 2, 표식을 따라가다",밍꼬발랄 원작 ; 김혜련 지음 ; 라임스튜디오 그림,겜툰,J 813.8-밍15ㅁ-2,11
21,BAW000504525,"밍꼬발랄 코믹스. 4, 표식을 둘러싼 의문",밍꼬발랄 원작 ; 김혜련 지음 ; 라임스튜디오 그림,겜툰,J 813.8-밍15ㅁ-4,11
22,BAW000505662,"(코믹 메이플스토리) 수학도둑. 82, 응용편",동암 송도수 글 ; 서정 엔터테인먼트 그림,서울문화사,J 410-송225ㅅ-82,11
23,BAW000504526,"밍꼬발랄 코믹스. 5, 이 세상에 적응하다",밍꼬발랄 원작 ; 김혜련 지음 ; 라임스튜디오 그림,겜툰,J 813.8-밍15ㅁ-5,11
24,BAW000503428,"(Go Go) 카카오프렌즈. 20, 한국3",김미영 글 ; 김정한 그림,아울북,J 909-김39ㄱ-20,11
25,BAW000504528,"밍꼬발랄 코믹스. 7, 비밀의 책과 열쇠",밍꼬발랄 원작 ; 김혜련 지음 ; 라임스튜디오 그림,겜툰,J 813.8-밍15ㅁ-7,11
26,BAW000503146,"(신비아파트) 한자 귀신. 11, 악귀의 노래",김강현 글 ; 김기수 그림,서울문화사,J 711.4-오51ㅅ-11,11
27,BAW000503410,파뿌리24. 2,파뿌리 원작 ; 백승하 글 ; 이정태 그림,겜툰,J 813.8-백58ㅍ-2,11
28,BAW000510221,"보니하니 미스터리 월드투어 : 세계역사문화 학습만화. 2, 프랑스",글: 김정욱 ; 그림: 김기수,EBS Books,J 980-보219-2,11
29,BAW000511417,흔한남매의 흔한 호기심 : 일상에서 만나는 과학 상식. 3,원작: 흔한남매 ; 글: 안치현 ; 그림: 유난희,Mirae N 아이세움,J 400-흔91-3=2,11
30,BAW000510096,말이야와 친구들. 4,말이야와 친구들 원작 ; 김정욱 글 ; 이혜림 그림,주니어김영사,J 813.8-말69-4,11
31,BAW000508619,승리의 승리,강민경 글 ; 조예선 그림,좋은책신사고,J 813.8-강39ㅅ,11
32,BAW000508623,신기하고 특이하고 이상한 능력자,최형미 글 ; 김현영 그림,그레이트북스,J 813.8-최94ㅅ=2,11
33,BAW000506648,"브레드 이발소 시즌2. 4, 베이커리타운 대소동",몬스터스튜디오 원작 ; 임광천 구성,형설아이,J 813.8-몬58ㅂ-2-4,11
34,BAW000506711,"흔한남매 과학 탐험대. 3, 인체","원작: 흔한남매 ; 글: 이재국,이현진 ; 그림: 김덕영",주니어김영사,J 400-흔91-3,11
35,BAW000508714,초코빅 : 초등 코믹스 빅리그. 2,박동명 [외]글·그림,Mirae N 아이세움,J 813.8-초825-2,10
36,BAW000508447,"급식걸즈. 1, 초아, 아이돌이 되다!",급식걸즈 원작 ; 최재연 글 ; 진영옥 그림,샌드박스스토리 키즈,J 813.8-급59ㄱ-1,10
37,BAW000506699,출동! 머니 뭐니 클럽,신현수 글 ; 시미씨 그림,지학사아르볼,J 813.8-신94ㅊ,10
38,BAW000506359,(흔한남매) 불꽃 튀는 우리말. 4,흔한남매 원작 ; 한은호 글 ; 유희석 그림,다산어린이,J 710-흔91ㅂ-4,10
39,BAW000506663,"(신비아파트) 한자 귀신. 18, 불길한 방울 소리",김강현 글 ; 김기수 그림,서울문화사,J 711.4-오51ㅅ-18,10
40,BAW000505933,"토깽이네 지구 구출 대작전. 2, 음식물 쓰레기에서 지구를 구하라",원작: 토깽이네 ; 글: 잼스토리 ; 그림:양선모,위즈덤하우스,J 539-토12ㅌ-2,10
41,BAW000506647,"브레드 이발소 시즌2. 3, 우당탕탕! 빵들의 하루",몬스터스튜디오 원작 ; 임광천 구성,형설아이,J 813.8-몬58ㅂ-2-3,10
42,BAW000505969,파뿌리24. 4,파뿌리 원작 ; 백승하 글 ; 이정태 그림,겜툰,J 813.8-백58ㅍ-4,10
43,BAW000510141,(극장판) 안녕 자두야 : 제주도의 비밀,이빈 원작,학산문화사,J 813.8-이49ㅇ,10
44,BAW000508347,"어쩔뚱땡! 고구마머리TV : 호기심·상상력이 숙쑥 자라나는 과학학습만화. 2, 우주 탐험2, 반짝반짝 별들의 역습",글: 서동건 ; 그림: 서윤지,아울북,J 400-어73-2,10
45,BAW000509958,"(코믹 메이플스토리) 수학도둑. 86, 응용편",동암 송도수 글 ; 서정 엔터테인먼트 그림,서울문화사,J 410-송225ㅅ-86,10
46,BAW000506534,(흔한남매) 불꽃 튀는 우리말. 4,흔한남매 원작 ; 한은호 글 ; 유희석 그림,다산어린이,J 710-흔91ㅂ-4=2,10
47,BAW000506397,(흔한남매) 겨울밤 대소동,흔한남매 원작 ; 한바리 글 ; 유난희 그림,MiraeN·아이세움,J 813.8-흔91ㄱ,10
48,BAW000508732,파뿌리24. 5,파뿌리 원작 ; 백승하 글 ; 이정태 그림,겜툰,J 813.8-백58ㅍ-5=2,10
49,BAW000508362,"흔한남매 과학 탐험대. 3, 인체","원작: 흔한남매 ; 글: 이재국,이현진 ; 그림: 김덕영",주니어김영사,J 400-흔91-3=2,10
50,BAW000507134,"고양이 해결사 깜냥. 4, 눈썰매장을 씽씽 달려라!",홍민정 지음 ; 김재희 그림,창비,J 813.8-홍39ㄱ-4=2,10
51,BAW000510202,파뿌리24. 6,파뿌리 원작 ; 백승하 글 ; 이정태 그림,겜툰,J 813.8-백58ㅍ-6,10
52,BAW000506710,흔한남매. 9,흔한남매 원작 ; 백난도 글 ; 유난희 그림,아이세움,J 813.8-백211ㅎ-9=2,10
53,BAW000508543,"밍꼬발랄 코믹스. 13, 가자, 집으로!",밍꼬발랄 원작 ; 김혜련 지음 ; 라임스튜디오 그림,겜툰,J 813.8-밍15ㅁ-13,10
54,BAW000506623,급식왕GO. 5,급식왕 원작 ; 최재연 글 ; 구은미 그림,아울북,J 813.8-급59ㄱ-5,10
55,BAW000508733,판다 빵집,우시쿠보 료타 글·그림 ; 황진희 옮김,주니어RHK,MC 833.8-우59ㅍ,10
56,BAW000443730,쿠키런 서바이벌 대작전. 11-12,김강현,서울문화사,J 372.42-김11ㅋ-11=2,10
57,BAW000509003,(흔한남매) 오해요,흔한남매 원작 ; 백난도 글 ; 유난희 그림,미래엔아이세움,J 813.8-흔91ㅇ,10
58,BAW000511629,"밥스 패밀리. 2, 황금 단무지를 찾아라",이연지 글 ; 이정화 그림,겜툰,J 813.8-이64ㅂ-2=2,10
59,BAW000511587,대박 쉽게 숙제 하는 법,천효정 글 ; 김무연 그림,비룡소,J 813.8-천96ㄷ=2,10
60,BAW000510487,"밥스 패밀리. 2, 황금 단무지를 찾아라",이연지 글 ; 이정화 그림,겜툰,J 813.8-이64ㅂ-2,10
61,BAW000510369,"닌니와 악몽 가게. 1, 끔찍한 간지럼 가루의 비밀",막달레나 하이 글 ; 테무 주하니 그림 ; 정보람 옮김,길벗스쿨,J 839.64-하69ㄴ-1,10
62,BAW000512912,(흔한남매) 불꽃 튀는 우리말. 5,흔한남매 원작 ; 한은호 글 ; 유희석 그림,다산어린이,J 710-흔91ㅂ-5=2,10
63,BAW000504639,"(어서오세요) 몬스터 학교. 3, 한밤의 체육 수업",미스터 탄 글 ; 카미유 루아 그림 ; 이희정 옮김,을파소,J 863-미58ㅁ-3,10
64,BAW000501866,"쿠키런 어드벤처 : 쿠키들의 신나는 세계여행. 15, 도쿄",송도수 글 ; 서정은 그림,서울문화사,J 980.24-송225ㅋ-15=3,10
65,BAW000501863,"쿠키런 어드벤처 : 쿠키들의 신나는 세계여행. 12, 암스테르담",송도수 글 ; 서정은 그림,서울문화사,J 980.24-송225ㅋ-12=3,10
66,BAW000503145,"(신비아파트) 한자 귀신. 10, 팔척귀의 함정",김강현 글 ; 김기수 그림,서울문화사,J 711.4-오51ㅅ-10,10
67,BAW000504654,"(Go Go) 카카오프렌즈. 21, 캐나다",김미영 글 ; 김정한 그림,아울북,J 909-김39ㄱ-21,10
68,BAW000501580,"쿠키런 서바이벌 대작전. 24, 쿠키볼의 비밀 편",김강현 글 ; 김기수 그림,서울문화사,J 372.42-김11ㅋ-24=2,10
69,BAW000505702,"밍꼬발랄 코믹스. 11, 수상한 시선",밍꼬발랄 원작 ; 김혜련 지음 ; 라임스튜디오 그림,겜툰,J 813.8-밍15ㅁ-11,10
70,BAW000501860,"쿠키런 어드벤처 : 쿠키들의 신나는 세계여행. 9, 베를린",송도수 글 ; 서정은 그림,서울문화사,J 980.24-송225ㅋ-9=3,10
71,BAW000500675,"비밀요원 레너드. 2, 물가에 사는 요괴 갓파를 찾아라!",박설연 글 ; 김덕영 그림,아울북,J 813.8-비39ㅇ-2=2,10
72,BAW000505707,"뼈뼈 사우루스. 12, 대결! '뼈뼈 가루다' 대 '뼈뼈 히드라' 1",지은이: 암모나이트 ; 옮긴이: 김정화,미래엔,J 833.8-암35ㅃ-12,10
73,BAW000505712,수상한 방송실,박현숙 글 ; 장서영 그림,북멘토,J 813.8-박94ㅅ=2,10
74,BAW000503271,밍꼬발랄 공소시효. 3,밍꼬발랄 원작 ; 주상일 글 ; 라임스튜디오 그림,겜툰,J 813.8-밍15ㅁ-3,10
75,BAW000500679,"비밀요원 레너드. 6, 구미호가 나타났다!",박설연 글 ; 김덕영 그림,아울북,J 813.8-비39ㅇ-6=2,10
76,BAW000501563,"쿠키런 서바이벌 대작전. 7, 빙하 편",김강현 글 ; 김기수 그림,서울문화사,J 372.42-김11ㅋ-7=2,10
77,BAW000501564,"쿠키런 서바이벌 대작전. 8, 용의 협곡 편",김강현 글 ; 김기수 그림,서울문화사,J 372.42-김11ㅋ-8=2,10
78,BAW000503411,패스 패스 태클,임화선 글 ; 최지영 그림,좋은책신사고,J 813.8-임96ㅍ,10
79,BAW000503425,흔한남매. 8,흔한남매 원작 ; 백난도 글 ; 유난희 그림,아이세움,J 813.8-백211ㅎ-8,10
80,BAW000503319,신비아파트 고스트볼 더블X 수상한 의뢰 : 우리 학교를 뒤흔든 괴담의 실체 : 애니메이션 스토리북. 3,은하수미디어 편집부 [편],은하수미디어,J 813.8-신49-3,10
81,BAW000501887,"쿠키런 어드벤처 : 쿠키들의 신나는 세계여행. 36, 델리",송도수 글 ; 서정은 그림,서울문화사,J 980.24-송225ㅋ-36=3,10
82,BAW000505738,"쿠키런 어드벤처. 47, 버섯왕의 부활",송도수 글 ; 서정은 그림,서울문화사,J 980.24-송225ㅋ-47,10
83,BAW000501571,"쿠키런 서바이벌 대작전. 15, 무인도 편",김강현 글 ; 김기수 그림,서울문화사,J 372.42-김11ㅋ-15=2,10
84,BAW000501890,"쿠키런 어드벤처 : 쿠키들의 신나는 세계여행. 39, 제주도",송도수 글 ; 서정은 그림,서울문화사,J 980.24-송225ㅋ-39=2,10
85,BAW000500749,웃음 찾는 겁깨비,전은희 글 ; 정경아 그림,좋은책어린이,J 813.8-전68ㅇ,10
86,BAW000500680,"비밀요원 레너드. 7, 인어의 비밀을 찾아라!",박설연 글 ; 김덕영 그림,아울북,J 813.8-비39ㅇ-7,10
87,BAW000503285,"브레드 이발소. 2, 맛있게 꾸며주는 이발의 달인",몬스터스튜디오 원작 ; 임광천 구성,형설아이,J 813.8-몬58ㅂ-2,10
88,BAW000503290,"브레드 이발소 시즌2. 1, New! 브레드이발소",몬스터스튜디오 원작 ; 임광천 구성,형설아이,J 813.8-몬58ㅂ-2-1,10
89,BAW000498571,"(코믹 메이플스토리) 수학도둑. 8, 기본편",송도수 글 ; 서정은 그림,서울문화사,J 410-송225ㅅ-8,10
90,BAW000498578,"(코믹 메이플스토리) 수학도둑. 15, 기본편",송도수 글 ; 서정은 그림,서울문화사,J 410-송225ㅅ-15,10
91,BAW000498566,"(코믹 메이플스토리) 수학도둑. 3, 기본편",송도수 글 ; 서정 엔터테인먼트 그림,서울문화사,J 410-송225ㅅ-3,10
92,BAW000498564,"(코믹 메이플스토리) 수학도둑. 1, 기본편",송도수 글 ; 서정 엔터테인먼트 그림,서울문화사,J 410-송225ㅅ-1,10
93,BAW000494188,쿠키런 어드벤처 : 쿠키들의 신나는 세계여행. 1-20,송도수,서울문화사,J 980.24-송225ㅋ-12=2,10
94,BAW000498610,(코믹 메이플스토리)수학도둑 : 창의편. 47,글: 동암 송도수 ; 그림:서정엔터테인먼트 ; 콘텐츠:여운방 박사(시스템수학연구회 회장),서울문화사,J 410-송225ㅅ-47=2,10
95,BAW000498630,(코믹 메이플스토리) 수학도둑 : 종합편. 67,송도수 글 ; 서정 엔터테인먼트 그림,서울문화사,J 410-송225ㅅ-67=2,10
96,BAW000435248,쿠키런 어드벤처  : 쿠키들의 신나는 세계여행. 1-20,송도수,서울문화사,J 980.24-송225ㅋ-18,10
97,BAW000463264,(코믹 메이플 스토리) 수학도둑 . 69,송도수 글 ; 서정 엔터테인먼트 그림 ; 여운방 감수,서울문화사,J 410-송225ㅅ-69,10
98,BAW000461003,"Go Go 카카오 프렌즈 . 6  : 세계 역사 문화 체험 학습만화 , 이탈리아",김미영 글  ; 김정한 그림,아울북 :북이십일:북이십일:아울북 :북이십일:아울북,J 909-김39ㄱ-6,10
99,BAW000463224,"쿠키런 서바이벌 대작전. 22, 신들의 도시 편",김강현 지음 ; 김기수 그림,서울문화사,J 372.42-김11ㅋ-22,10
100,BAW000463696,"(신비아파트)월화수목공포일 . 1 , 고스트 캠핑 편",진선 글  ; 이수한 그림,서울문화사,J 813.8-서67ㅇ-1,10
101,BAW000515915,말이야와 친구들. 5,말이야와 친구들 원작 ; 김정욱 글 ; 이혜림 그림,주니어김영사,J 813.8-말69-5,10
102,BAW000475722,흔한남매. 2,흔한남매 원작 ; 백난도 글 ; 유난희 그림,미래엔 ,J 813.8-백211ㅎ-2=2,10
103,BAW000471650,Go go 카카오 프렌즈  : 세계 역사 문화 체험 학습만화. 10,글: 김미영  ; 그림: 김정한,아울북,J 909-김39ㄱ-10,10
104,BAW000472147,"쿠키런 서바이벌 대작전. 27, 로봇의 심장편",김강현 글 ; 김기수 그림,서울문화사,J 372.42-김11ㅋ-27,10
105,BAW000477454,"(Go Go)카카오프렌즈. 12, 터키",김미영 글 ; 김정한 그림,북이십일 아울북,J 909-김39ㄱ-12,10
106,BAW000473510,흔한남매. 1,흔한남매 원작 ; 백난도 글 ; 유난희 그림,미래엔 ,J 813.8-백211ㅎ-1=2,10
107,BAW000488317,(흔한 남매) 안 흔한 일기. 1,흔한남매 원작 ; 강효미 글 ; 조병주 그림,아이세움,J 813.8-흔91ㅎ-1=2,10
108,BAW000481123,흔한남매. 4,흔한남매 원작 ; 백난도 글 ; 유난희 그림,아이세움,J 813.8-백211ㅎ-4,10
109,BAW000485361,"Go Go 카카오 프렌즈 : 세계 역사 문화 체험 학습만화. 8, 인도",글: 김미영 ; 그림: 김정한,아울북,J 909-김39ㄱ-8=2,10
110,BAW000488319,(흔한남매) 안 흔한 일기. 3,원작: 흔한남매 ; 글: 강효미 ; 그림: 조병주,미래엔,J 813.8-흔91ㅎ-3,10
111,BAW000489616,"고양이 해결사 깜냥 : 홍민정 동화. 2, 최고의 요리에 도전하라!",홍민정 지음 ; 김재희 그림,창비,J 813.8-홍39ㄱ-2,9
112,BAW000485367,"(Go Go)카카오프렌즈. 14, 그리스",김미영 글 ; 김정한 그림,북이십일 아울북,J 909-김73ㄱ-14,9
113,BAW000485366,"(Go Go)카카오프렌즈. 13, 호주",김미영 글 ; 김정한 그림,북이십일 아울북,J 909-김39ㄱ-13=2,9
114,BAW000485363,"Go go 카카오 프렌즈 : 세계 역사 문화 체험 학습만화. 10, 이집트",글: 김미영 ; 그림: 김정한,아울북,J 909-김39ㄱ-10=2,9
115,BAW000482445,(흔한 남매)안 흔한 일기. 2,흔한남매 원작 ; 강효미 글 ; 조병주 그림,아이세움,J 813.8-흔91ㅎ-2,9
116,BAW000485055,"(손오공의 한자 대탐험) 마법천자문. 34, 다르고 뛰어나다 특별할 특",올댓스토리 글 ; 홍거북 그림 ; 김성재 윤색,아울북,J 711.47-시239ㅁ-34,9
117,BAW000480919,"(신비아파트)월화수목공포일. 1, 고스트 캠핑 편",진선 글 ; 이수한 그림,서울문화사,J 813.8-서67ㅇ-1=2,9
118,BAW000482223,"레이튼 미스터리 탐정사무소. 9,.상, 부호왕 아리아드네의 수수께끼",안치현 글 ; 팀키즈 그림,미래엔,J 813.8-안819ㄹ-9,9
119,BAW000488320,(흔한남매) 안 흔한 일기. 3,원작: 흔한남매 ; 글: 강효미 ; 그림: 조병주,미래엔,J 813.8-흔91ㅎ-3=2,9
120,BAW000485355,"Go Go 카카오프렌즈 : 세계 역사 문화 체험 학습만화. 2, 영국",김미영 글 ; 김정한 그림,북이십일 아울북,J 909-김39ㄱ-2=2,9
121,BAW000480728,"(신비아파트) 한자귀신. 7, 책들의 소용돌이",글: 김강현 ; 그림: 김기수,서울문화사,J 711.4-오51ㅅ-7,9
122,BAW000484964,"놓지 마 과학!. 14, 정신이 바이러스에 정신 놓다","신태훈,나승훈 [공]글·그림",위즈덤하우스,J 408-신832ㄴ-14,9
123,BAW000480725,"(신비아파트) 한자 귀신. 2, 저주의 대가",김강현 글 ; 김기수 그림,서울문화사,J 711.4-오51ㅅ-2,9
124,BAW000480724,"(신비아파트) 한자 귀신. 1, 1001개의 구슬",김강현 글 ; 김기수 그림,서울문화사,J 711.4-오51ㅅ-1,9
125,BAW000488318,(흔한 남매)안 흔한 일기. 2,흔한남매 원작 ; 강효미 글 ; 조병주 그림,아이세움,J 813.8-흔91ㅎ-2=2,9
126,BAW000480651,고층 건물에서 살아남기. 2,팝콘스토리 글 ; 한현동 그림,MiraeN·아이세움,J 400-고818-2,9
127,BAW000475973,"(마인크래프트 그래픽 노블)고잉 바이럴. 1, 바이러스의 습격",구성: 데이비드 조엘너 ; 번역: 백민주,예림당,J 843-조63ㄱ-1,9
128,BAW000475691,쿠키런 어드벤처 : 쿠키들의 신나는 세계여행. 36,송도수 글 ;  서정은 그림,서울문화사,J 980.24-송225ㅋ-36,9
129,BAW000478931,쿠키런 수상한 모험 과학상식,임우영 지음 ; 유희석 그림,서울문화사,J 408-임67ㅋ,9
130,BAW000472100,"카카오프렌즈 과학탐정단. 2, 인공지능",이람이 글 ; 최우빈 그림,대원키즈,J 400-카821-2,9
131,BAW000472210,(신비아파트) 하리의 특별한 하루,[서울문화사 편집부 편],서울문화사,J 813.8-서67ㅎ,9
132,BAW000473511,흔한남매. 2,흔한남매 원작 ; 백난도 글 ; 유난희 그림,미래엔 ,J 813.8-백211ㅎ-2=2,9
133,BAW000475906,"레이튼 미스터리 탐정사무소. 7, 사무실 비밀 수사 대작전",글: 안치현 ; 그림: 팀키즈,미래엔,J 813.8-안819ㄹ-7,9
134,BAW000473461,(이상한 과자 가게)전천당. 4,히로시마 레이코 글 ; 쟈쟈 그림 ; 김정화 옮김,길벗스쿨,J 833.8-히235ㅈ-4,9
135,BAW000473260,"다 푼다 카카오프렌즈. 1, 길이재기 세 자리 수 연산",글: 김혜성 ; 그림: 이태영,대원키즈,J 410-김94ㄷ-1,9
136,BAW000476061,(Mayplestory 수학도둑) 수학용어사전. 3,글: 송도수 ; 그림: 양선모,서울문화사,J 410-송225ㅅ-3,9
137,BAW000479276,(이상한 과자 가게)전천당. 4,히로시마 레이코 글 ; 쟈쟈 그림 ; 김정화 옮김,길벗스쿨,J 833.8-히235ㅈ-4=2,9
138,BAW000514308,"벌거벗은 세계사. 1, 알렉산드로스 대왕과 진시황제의 통일 제국",tv N 벌거벗은 세계사 제작진 기획 ; 이현희 글 ; 신동민 그림,아울북,J 909-티48ㅂ-1,9
139,BAW000514210,"아들아, 부동산 공부해야 한다 : 14평 반지하에서 50억 자산가가 된 엄마 아빠의 현실 부동산 재테크","정선용,안창순 지음",리더스북,327.87-정53ㅇ,9
140,BAW000514201,수상한 놀이터,박현숙 지음 ; 장서영 그림,북멘토,J 813.8-박94ㅅ,9
141,BAW000456708,(코믹 메이플스토리) 수학도둑 . 66,송도수 글 ; 서정 엔터테인먼트 그림,서울문화사,J 410-송225ㅅ-66,9
142,BAW000466864,쿠키런 어드벤처 . 33  : 이스탄불 터키,송도수 지음 ; 서정은 그림,서울문화사,J 980.24-송225ㅋ-33,9
143,BAW000466839,"Go Go 카카오 프렌즈 : 세계 역사 문화 체험 학습만화. 8, 인도",글: 김미영 ; 그림: 김정한,아울북,J 909-김39ㄱ-8,9
144,BAW000457621,쿠키런 어드벤처 . 29  : 타이베이,송도수 지음 ; 서정은 그림,서울문화사,J 980.24-송225ㅋ-29,9
145,BAW000463226,"쿠키런 서바이벌 대작전. 20, 지옥 곤충 편",김강현 지음 ; 김기수 그림,서울문화사,J 372.42-김11ㅋ-20,9
146,BAW000468679,(쿠키런) 신비한 동물 과학 상식,임우영 글 ; 이태영 그림 ; 정효해 감수,서울문화사,J 400-임67ㅋ,9
147,BAW000456646,도티&잠뜰 3D 프린터  : 상상하여 출력하라!,글: 이봄  ; 그림: 최대식,대원키즈,J 404-미232ㄷ-3,9
148,BAW000462418,"(신비아파트) 월화수목공포일 . 3 , 학교 괴담편",글: 진선  ; 그림: 김경아,서울문화사,J 813.8-서67ㅇ-3,9
149,BAW000457573,"Go Go 카카오프렌즈  : 세계 역사 문화 체험 학습만화. 2, 영국",김미영 글  ; 김정한 그림,북이십일 아울북,J 909-김39ㄱ-2,9
150,BAW000463464,(신비아파트) 고스트볼의 비밀. 1-4,서울문화사 편집부,서울문화사,J 813.7-서67ㄱ-4=2,9
151,BAW000436287,(빈대 가족의) 절약 그것이 알고 싶다,스토리박스 글  ; 류수형 그림,재미북스,J 320.8-스835ㅈ,9
152,BAW000437651,"(도티&잠뜰) 하우머치별에서 부자 되기. 1, 경제편",하지강 지음  ; 정윤채 그림,대원키즈,J 327.04-하79ㅎ-1,9
153,BAW000435231,쿠키런 어드벤처  : 쿠키들의 신나는 세계여행. 1-20,송도수,서울문화사,J 980.24-송225ㅋ-1,9
154,BAW000494179,쿠키런 어드벤처 : 쿠키들의 신나는 세계여행. 1-20,송도수,서울문화사,J 980.24-송225ㅋ-3=2,9
155,BAW000494181,쿠키런 어드벤처 : 쿠키들의 신나는 세계여행. 1-20,송도수,서울문화사,J 980.24-송225ㅋ-5=2,9
156,BAW000498641,"(코믹 메이플스토리) 수학도둑. 78, 종합편",송도수 글 ; 서정 엔터테인먼트 그림,서울문화사,J 410-송225ㅅ-78=2,9
157,BAW000498574,"(코믹 메이플스토리) 수학도둑. 11, 기본편",송도수 글 ; 서정은 그림,서울문화사,J 410-송225ㅅ-11,9
158,BAW000494258,(코믹 메이플스토리)수학도둑 : 종합편. 77,송도수 글 ; 서정 엔터테인먼트 그림,서울문화사,J 410-송225ㅅ-77=2,9
159,BAW000498633,(코믹 메이플 스토리) 수학도둑. 70,송도수 글 ; 서정 엔터테인먼트 그림 ; 여운방 감수,서울문화사,J 410-송225ㅅ-70=2,9
160,BAW000494216,"쿠키런 어드벤처 : 쿠키들의 신나는 세계여행. 40, 다낭 - 베트남",송도수 글 ; 서정은 그림,서울문화사,J 980.24-송225ㅋ-40,9
161,BAW000494213,"쿠키런 어드벤처 : 쿠키들의 신나는 세계여행. 37, 오슬로: 노르웨이(Norway)",송도수 지음 ; 서정은 그림,서울문화사,J 980.24-송225ㅋ-37=2,9
162,BAW000494210,쿠키런 어드벤처 : 홍콩. 34,송도수 지음 ; 서정은 그림,서울문화사,J 980.24-송225ㅋ-34=2,9
163,BAW000494207,쿠키런 어드벤처 : 하와이. 31,송도수 지음 ; 서정은 그림,서울문화사,J 980.24-송225ㅋ-31=2,9
164,BAW000490474,"(카카오프렌즈)과학탐정단. 6, 바이러스",조영선 글 ; 최철민 그림,대원키즈,J 400-카821-6,9
165,BAW000494907,"유령고양이 후쿠코. 1, 내 그림자를 돌려줘",글쓴이: 히로시마 레이코 ; 그린이:바라마쓰 히토미 ; 옮긴이: 고향옥,김영사,J 833.6-유234-1,9
166,BAW000498608,(코믹 메이플스토리)수학도둑. 45,송도수 글 ; 서정은 그림,서울문화사,J 410-송225ㅅ-45,9
167,BAW000498598,"수학도둑 : 수학논술만화. 35, 심화편",송도수 글 ;  서정 엔터테인먼트 그림 ;  여운방 박사 콘텐츠감수,서울문화사,J 410-송225ㅅ-35,9
168,BAW000498594,"수학도둑 31 : 수학논술만화. 31, 심화편",송도수 글 ;  서정은 그림 ;  여운방 박사 콘텐츠감수,서울문화사,J 410-송225ㅅ-31,9
169,BAW000498557,"정재승의 인간 탐구 보고서 : 어린이를 위한 뇌과학 프로젝트. 6, 성은 우리를 다르게 만든다","글: 정재은,이고은 ; 그림: 김현민",아울북,J 404-어239ㅍ-6,9
170,BAW000498565,"(코믹 메이플스토리) 수학도둑. 2, 기본편",송도수 글 ; 서정은 그림,서울문화사,J 410-송225ㅅ-2,9
171,BAW000498567,"(코믹 메이플스토리) 수학도둑. 4, 기본편",송도수 글 ; 서정은 그림,서울문화사,J 410-송225ㅅ-4,9
172,BAW000498573,"(코믹 메이플스토리) 수학도둑. 10, 기본편",송도수 글 ; 서정은 그림,서울문화사,J 410-송225ㅅ-10,9
173,BAW000494495,"십 년 가게와 마법사들. 1, 트루, 다시 만드는 마법사",히로시마 레이코 글 ; 사다케 미호 그림 ; 이소담 옮김,위즈덤하우스,J 833.8-히235ㅅ-1=2,9
174,BAW000490668,"쿠키런 서바이벌 대작전. 33, 위험한 탈출 편",김강현 글 ; 김기수 그림,서울문화사,J 372.42-김11ㅋ-33,9
175,BAW000494659,"정글의 법칙 시즌 3. 15, 라스트인도양",김난영 글 ; SBS 정글의 법칙 제작팀 원작 ; 이정태 그림,김영사,J 980-정18ㅈ-3-15,9
176,BAW000494608,"(만화로 읽는 초등 인문학) 그리스 로마 신화. 3, 새로운 신들의 탄생",박시연 글 ; 최우빈 그림,아울북,J 219.2-박59ㄱ-3=2,9
177,BAW000494620,"(만화로 읽는 초등 인문학) 그리스로마신화. 15, 신에도전한 인간들",박시연,아울북,J 219.2-박59ㄱ-15=2,9
178,BAW000496158,대장 토끼는 나다운 게 좋아,큐라이스 글·그림 ; 황진희 옮김,토토북,MC 833.8-큐231ㄷ,9
179,BAW000490362,오늘의 영상툰. 3,오늘의 영상툰 원작 ; 전영신 구성 ; 샌드박스네트워크 감수,서울문화사,J 818-오218-3,9
180,BAW000501561,"쿠키런 서바이벌 대작전. 5, 화재 편",김강현 글 ; 김기수 그림,서울문화사,J 372.42-김11ㅋ-5=2,9
181,BAW000503150,"(신비아파트) 한자 귀신. 15, 로봇의 마음",김강현 글 ; 김기수 그림,서울문화사,J 711.4-오51ㅅ-15,9
182,BAW000500494,(에그박사의) 채집 일기 : 스티커로 채집하는 자연 생물 관찰 만화. 1,에그박사 원작 ; 박송이 글 ; 홍종현 그림,MiraeN·아이세움,J 472-에18ㅊ-1,9
183,BAW000501567,"쿠키런 서바이벌 대작전. 11, 전기 편",김강현 글 ; 김기수 그림,서울문화사,J 372.42-김11ㅋ-11=3,9
184,BAW000500458,"내일은 실험왕. 36, 태양과 행성",스토리 a. 글 ; 홍종현 그림,미래엔,J 408-내69ㅇ-36=2,9
185,BAW000503119,(오마이갓) 떴다! 자연 모방 구조대,최재훈 글 ; 유희석 그림,예림당,J 400-오31ㅇ-7,9
186,BAW000503270,밍꼬발랄 공소시효. 2,밍꼬발랄 원작 ; 주상일 글 ; 라임스튜디오 그림,겜툰,J 813.8-밍15ㅁ-2,9
187,BAW000503100,흔한남매의 흔한 호기심 : 일상에서 만나는 과학 상식. 1,원작: 흔한남매 ; 글: 안치현 ; 그림: 유난희,Mirae N 아이세움,J 400-흔91-1,9
188,BAW000504646,(흔한남매) 별난 방탈출. 3,흔한남매 원작 ; 김언정 글 ; 차차 그림,미래엔아이세움,J 813.8-흔91ㅂ-3,9
189,BAW000504649,"(Go Go) 카카오프렌즈. 16, 베트남",김미영 글 ; 김정한 그림,아울북,J 909-김39ㄱ-16=2,9
190,BAW000501565,"쿠키런 서바이벌 대작전. 9, 지진 편",김강현 글 ; 김기수 그림,서울문화사,J 372.42-김11ㅋ-9=2,9
191,BAW000504650,"(Go Go) 카카오프렌즈. 17, 러시아", 김미영 글 ; 김정한 그림,아울북(북이십일),J 909-김39ㄱ-17=2,9
192,BAW000504651,"(Go Go) 카카오 프렌즈. 18, 오스트리아",김미영 글 ; 김정한 그림,아울북,J 909-김39ㄱ-18=2,9
193,BAW000500676,"비밀요원 레너드. 3, 늑대인간의 정체를 밝혀라!",박설연 글 ; 김덕영 그림,아울북,J 813.8-비39ㅇ-3=2,9
194,BAW000501560,"쿠키런 서바이벌 대작전. 4, 산과 하늘 편",김강현 글 ; 김기수 그림,서울문화사,J 372.42-김11ㅋ-4=2,9
195,BAW000501759,으쌰으쌰 할마와 어쩌라고 손자,김혜리 지음 ; 이예숙 그림,상상스쿨,J 813.8-김94ㅇ,9
196,BAW000501857,"쿠키런 어드벤처 : 쿠키들의 신나는 세계여행. 6, 아테네",송도수 글 ; 서정은 그림,서울문화사,J 980.24-송225ㅋ-6=3,9
197,BAW000504530,"밍꼬발랄 코믹스. 9, 드디어 책을 발견하다",밍꼬발랄 원작 ; 김혜련 지음 ; 라임스튜디오 그림,겜툰,J 813.8-밍15ㅁ-9,9
198,BAW000504529,"밍꼬발랄 코믹스. 8, 또다시 등장한 표식",밍꼬발랄 원작 ; 김혜련 지음 ; 라임스튜디오 그림,겜툰,J 813.8-밍15ㅁ-8,9
199,BAW000503448,"설민석의 한국사 대모험. 16, 독도 편 - 사라진 천사옥대를 찾아라!","설민석,스토리박스 [공]글 ; 정현희 그림",아이휴먼,J 911-설39ㅅ-16,9
200,BAW000501585,"쿠키런 서바이벌 대작전. 29, 정령의 경고 편",김강현 글 ; 김기수 그림,서울문화사,J 372.42-김11ㅋ-29=2,9
